"Feature","Gain","Cover","Frequency"
"ENSG00000091831",0.216437918088987,0.0794773290409957,0.0186133085155886
"ENSG00000108932",0.0636866824204052,0.0339566810507033,0.0134946486738018
"ENSG00000150667",0.0528826161211459,0.0246880252391329,0.00791065611912518
"ENSG00000223808",0.034284438857219,0.00380389260222815,0.00139599813866915
"ENSG00000115648",0.0244836553649959,0.0111130296033359,0.00232666356444858
"ENSG00000008196",0.0221435018648928,0.0087284426430954,0.0130293159609121
"ENSG00000173467",0.0166234562762537,0.00844022965289522,0.00325732899022801
"ENSG00000170893",0.0141970725973421,0.00798585151141959,0.00744532340623546
"ENSG00000174827",0.013849644983667,0.0175882046924519,0.0153559795253606
"ENSG00000166535",0.0134016986496467,0.0169126287618451,0.0116333178222429
"ENSG00000187720",0.0133774927688748,0.0105214068135436,0.00372266170311773
"ENSG00000106541",0.0129709843189934,0.00366368894818755,0.00139599813866915
"ENSG00000248779",0.0105765377020967,0.0225627741497805,0.0125639832480223
"ENSG00000185479",0.0105453133966354,0.00666932365658188,0.00744532340623546
"ENSG00000107518",0.0100391916499682,0.00286275934477894,0.00232666356444858
"ENSG00000188505",0.00989794668835557,0.00817714350677178,0.00837598883201489
"ENSG00000165125",0.00904525486324194,0.00273738470321452,0.00232666356444858
"ENSG00000115112",0.00892008645980192,0.00434623976407936,0.00325732899022801
"ENSG00000117115",0.00811383239468296,0.00724541702902436,0.00651465798045603
"ENSG00000161798",0.00729112311947224,0.00452632431737222,0.00511865984178688
"ENSG00000183888",0.00682016755611271,0.00348545543048643,0.00372266170311773
"ENSG00000164287",0.00631015794518167,0.00287634035435225,0.00651465798045603
"ENSG00000163631",0.00629342988297171,0.00165860742687891,0.00186133085155886
"ENSG00000091513",0.00598860061019949,0.0170099739523495,0.00930665425779432
"ENSG00000138755",0.00594252869477963,0.00513272309518363,0.00325732899022801
"ENSG00000247627",0.00586984590206036,0.00436111023204014,0.00325732899022801
"ENSG00000172478",0.0056205954920836,0.00312310292137135,0.00232666356444858
"ENSG00000156234",0.00546417661165262,0.0087602023647092,0.00558399255467659
"ENSG00000174469",0.00541018251850696,0.00102607373775605,0.00232666356444858
"ENSG00000163017",0.005353505565146,0.0144494460591148,0.00558399255467659
"ENSG00000147255",0.00506982511573965,0.00991268990287782,0.00651465798045603
"ENSG00000137558",0.0049909435683677,0.00207102153100079,0.00372266170311773
"ENSG00000113739",0.00494564788938208,0.00160456020035353,0.00139599813866915
"ENSG00000105664",0.00470546452234546,0.0144346474151913,0.00837598883201489
"ENSG00000235123",0.00465613313779521,0.00697061488809439,0.00372266170311773
"ENSG00000237541",0.00460291444582219,0.0172660223069002,0.00977198697068404
"ENSG00000163040",0.00455717440767264,0.00083108973381623,0.00232666356444858
"ENSG00000134824",0.00453507394293941,0.00974246307819198,0.0107026523964635
"ENSG00000175928",0.00450091675562802,0.00187618376610332,0.00232666356444858
"ENSG00000124302",0.00448243269514307,0.00641812993209481,0.00791065611912518
"ENSG00000198650",0.00442528131320107,0.00759351921530595,0.00604932526756631
"ENSG00000251141",0.00441480824659061,0.00302035743093613,0.00372266170311773
"ENSG00000109846",0.0042958349783364,0.0107622554664592,0.00418799441600745
"ENSG00000196932",0.00423284038475697,0.0057436622126405,0.00465332712889716
"ENSG00000151365",0.00417010249490507,0.000930556866683903,0.00139599813866915
"ENSG00000135744",0.0039014261277945,0.00422275496236842,0.00372266170311773
"ENSG00000143556",0.00385821971645682,0.00580197947459048,0.00465332712889716
"ENSG00000075461",0.0037887312424642,0.00978049993144003,0.00697999069334574
"ENSG00000205426",0.00377932424805842,0.00551499761587501,0.00697999069334574
"ENSG00000163993",0.0037733011767594,0.00502540014798302,0.00372266170311773
"ENSG00000164403",0.00366519132069699,0.00221455343380261,0.00372266170311773
"ENSG00000137673",0.00365208383904324,0.0114063541511961,0.00372266170311773
"ENSG00000136883",0.00329930860227197,0.00574046098155594,0.00465332712889716
"ENSG00000211663",0.00309913649258479,0.00392312918084795,0.00372266170311773
"ENSG00000099812",0.00303915635807043,0.00438152898637093,0.00465332712889716
"ENSG00000124939",0.00303481661728839,0.00490210093187178,0.00837598883201489
"ENSG00000164756",0.0030298379013928,0.000532467922186043,0.00232666356444858
"ENSG00000204434",0.00294027085254692,0.00457562501142028,0.00511865984178688
"ENSG00000235687",0.00283767845610329,0.00313601992013017,0.00186133085155886
"ENSG00000213088",0.00270182733539463,0.00596411717733234,0.00418799441600745
"ENSG00000082175",0.00269471062825857,0.00408135801702383,0.00325732899022801
"ENSG00000237940",0.00268318123416193,0.00424826551069804,0.00511865984178688
"ENSG00000176532",0.00264215596924668,0.00477997355626145,0.0027919962773383
"ENSG00000188916",0.00261533683339174,0.00706377066445098,0.00325732899022801
"ENSG00000176907",0.00259479830782494,0.00404275380208529,0.00232666356444858
"ENSG00000129514",0.00254566766447594,0.00300109557385017,0.00139599813866915
"ENSG00000175352",0.0025027277015843,0.00654451709976872,0.00651465798045603
"ENSG00000180777",0.00237345705007328,0.00656136586201816,0.00744532340623546
"ENSG00000108244",0.00232318362966392,0.00264295151948343,0.00697999069334574
"ENSG00000139910",0.0022737005059255,0.00282689456610806,0.0027919962773383
"ENSG00000109436",0.0022611174293377,0.00469495317773863,0.00418799441600745
"ENSG00000163491",0.00225914287094761,0.00198319169982497,0.00232666356444858
"ENSG00000211677",0.00222733332553488,0.00147220850432172,0.00139599813866915
"ENSG00000110195",0.00221926859649833,0.00449922303533096,0.00232666356444858
"ENSG00000115290",0.00220564715054846,0.00146276822280388,0.00186133085155886
"ENSG00000157303",0.00219944366274679,0.00247022290450563,0.00372266170311773
"ENSG00000166825",0.00217668292372956,0.00144827121573495,0.00325732899022801
"ENSG00000176887",0.00216994083141496,0.00375461769734784,0.000930665425779432
"ENSG00000164742",0.00215561317179385,0.00582501522689719,0.00511865984178688
"ENSG00000211669",0.00210772400558267,0.00612601868022005,0.00511865984178688
"ENSG00000171102",0.00208567657996017,0.00285400187365581,0.00232666356444858
"ENSG00000156689",0.00207544267658392,0.00428235589821965,0.00418799441600745
"ENSG00000144331",0.00206530997906989,0.00180597902343228,0.00325732899022801
"ENSG00000118785",0.0020597449095407,0.00162866692618261,0.0027919962773383
"ENSG00000168743",0.00205923219813696,0.00223976704517272,0.00325732899022801
"ENSG00000234918",0.00200042769430535,0.00239643527516937,0.00139599813866915
"ENSG00000148346",0.00199614266315722,0.00363152190233548,0.00511865984178688
"ENSG00000186377",0.00193434611311311,0.00496966373097005,0.00511865984178688
"ENSG00000211640",0.00193046061542377,0.00122006443695207,0.00186133085155886
"ENSG00000170786",0.00188602038351281,0.00230591529636893,0.0027919962773383
"ENSG00000186160",0.00186493350871459,0.00401083428403956,0.0027919962773383
"ENSG00000100146",0.00184254446110327,0.0033200673285271,0.0027919962773383
"ENSG00000074410",0.00183253120599608,0.00324905336033533,0.00139599813866915
"ENSG00000168447",0.00178598848146207,0.00152943490857793,0.00232666356444858
"ENSG00000206075",0.00176124970379815,0.0023829791140904,0.00186133085155886
"ENSG00000164530",0.00172752601725007,0.0010255873588727,0.00186133085155886
"ENSG00000103534",0.00171979079890933,0.00224536040233123,0.00139599813866915
"ENSG00000185352",0.00171482099247067,0.000721882429973031,0.00186133085155886
"ENSG00000096006",0.00169993899757676,0.00338170030618483,0.00604932526756631
"ENSG00000086548",0.00158894275589253,0.0029122070611852,0.00325732899022801
"ENSG00000163220",0.00155638579057029,0.00200494691149381,0.00139599813866915
"ENSG00000105523",0.00152649748601637,0.00100991085890963,0.00325732899022801
"ENSG00000081479",0.00151360410974925,0.00305554590675929,0.00418799441600745
"ENSG00000167755",0.00150599306696435,0.00275139255966712,0.00139599813866915
"ENSG00000152049",0.0015049264379186,0.00333688331202128,0.00418799441600745
"ENSG00000019505",0.00147618703567669,0.00185665654571183,0.00372266170311773
"ENSG00000111341",0.001476090841384,0.000983302824829105,0.00186133085155886
"ENSG00000125999",0.00146623823492191,0.00174026412666237,0.000465332712889716
"ENSG00000198729",0.00146325147869946,0.00313241040072629,0.00232666356444858
"ENSG00000211592",0.00144715306451533,0.00151912562851504,0.00186133085155886
"ENSG00000181617",0.00144107082885393,0.00171849770755147,0.00232666356444858
"ENSG00000211660",0.00144040582142095,0.00197174323750631,0.00232666356444858
"ENSG00000178372",0.00143402873841958,0.00242265080775756,0.0027919962773383
"ENSG00000162482",0.00141972752874871,0.0014448283618404,0.0027919962773383
"ENSG00000118849",0.00141632787488208,0.00148785156272381,0.00372266170311773
"ENSG00000133048",0.00137168049809771,0.00247067505851216,0.00558399255467659
"ENSG00000081277",0.00132948266512552,0.00196249577219594,0.00186133085155886
"ENSG00000168269",0.00132125909717731,0.00326591369155723,0.00418799441600745
"ENSG00000224389",0.00131129080698552,0.00265826739288347,0.00186133085155886
"ENSG00000105388",0.00129694853028664,0.00214999519325727,0.0027919962773383
"ENSG00000049540",0.00126717660551376,0.00428359811663629,0.0027919962773383
"ENSG00000110484",0.00126190805384772,0.00274838269866848,0.00372266170311773
"ENSG00000168350",0.00125416643183482,0.00232069658683375,0.00465332712889716
"ENSG00000089199",0.00122600892849804,0.00478574695555368,0.00604932526756631
"ENSG00000022556",0.0012102983541105,0.00427319471816213,0.00558399255467659
"ENSG00000159212",0.0012026419287794,0.00133078203399536,0.00232666356444858
"ENSG00000205420",0.00119373706579727,0.00201228007339437,0.00325732899022801
"ENSG00000120251",0.00117122523473277,0.000403131088323259,0.000930665425779432
"ENSG00000131771",0.00113110713350541,0.00101258913628648,0.0027919962773383
"ENSG00000169862",0.001114259837704,0.0014957254535762,0.00186133085155886
"ENSG00000280411",0.00109411604284187,0.000273690856769219,0.000930665425779432
"ENSG00000160182",0.00109381402617328,0.000512893883609173,0.00139599813866915
"ENSG00000162949",0.00107928047457114,0.00120140549204485,0.00186133085155886
"ENSG00000172061",0.00107599406825459,0.000690510148426128,0.0027919962773383
"ENSG00000148735",0.00107056660807175,0.00213663760946437,0.00325732899022801
"ENSG00000164120",0.00105408285987579,0.000744532790885055,0.00232666356444858
"ENSG00000064886",0.00105386826725323,0.000497241756819821,0.00139599813866915
"ENSG00000225972",0.00105321279572336,0.0015718673688057,0.0027919962773383
"ENSG00000134757",0.0010510655470003,0.00230837755933835,0.00139599813866915
"ENSG00000185686",0.00104477199015757,0.00761897818530006,0.00325732899022801
"ENSG00000134762",0.00103139005546758,0.00317381840434174,0.00139599813866915
"ENSG00000255774",0.00102413344201581,0.000612075347214463,0.000930665425779432
"ENSG00000117983",0.00102221227076212,0.00188964812187111,0.00372266170311773
"ENSG00000102837",0.0010116774643994,0.00117537807576908,0.00325732899022801
"ENSG00000211898",0.001011465586377,0.00074723860482654,0.00139599813866915
"ENSG00000077274",0.000970502826870461,0.00514047623488609,0.00186133085155886
"ENSG00000211648",0.000969862459654275,0.00119079493665778,0.00139599813866915
"ENSG00000187608",0.000966700716129486,0.00317418861146008,0.00186133085155886
"ENSG00000188001",0.000963692521526319,0.00253177996078167,0.00232666356444858
"ENSG00000101443",0.000958408447915798,0.00128716628480436,0.0027919962773383
"ENSG00000184564",0.000950833739009899,0.00245624107824104,0.00186133085155886
"ENSG00000262902",0.000941243474291054,0.00183759762768423,0.00186133085155886
"ENSG00000186868",0.000940477957047182,0.00182319558259748,0.000930665425779432
"ENSG00000062038",0.000938841679599561,0.000774717023318605,0.00232666356444858
"ENSG00000117472",0.00091591562839337,0.000395261987748525,0.00139599813866915
"ENSG00000050628",0.000915124635671115,0.00203694439959344,0.00372266170311773
"ENSG00000003989",0.000909357780863696,0.00183518296621603,0.00232666356444858
"ENSG00000233913",0.000905506598504524,0.00660237353098284,0.0027919962773383
"ENSG00000138615",0.000904418183052404,0.00232121526243185,0.00325732899022801
"ENSG00000138696",0.000904326582698436,0.00203394658960776,0.00139599813866915
"ENSG00000134240",0.000903216589655336,0.000895561568598597,0.000930665425779432
"ENSG00000197977",0.00090000131978389,0.00037170002796061,0.00139599813866915
"ENSG00000104267",0.000890460126683242,0.00129126543686509,0.000930665425779432
"ENSG00000196091",0.000889600503300644,0.000567078853212766,0.00232666356444858
"ENSG00000165816",0.000882477810123214,0.000924744482364717,0.00139599813866915
"ENSG00000113924",0.000879448733980388,0.00119943177714111,0.00232666356444858
"ENSG00000196090",0.000878130691197159,0.0022906912516877,0.00418799441600745
"ENSG00000047457",0.000877026405774898,0.00483148151384455,0.00232666356444858
"ENSG00000074527",0.000869681115384712,0.000670164543744045,0.00186133085155886
"ENSG00000211964",0.000854895941229686,0.00274912407698621,0.00139599813866915
"ENSG00000135346",0.000847186059157066,0.0011281528071742,0.000930665425779432
"ENSG00000159763",0.000843384435652017,0.00120313047404095,0.00186133085155886
"ENSG00000211959",0.000832835708262858,0.00135758637907712,0.000465332712889716
"ENSG00000129988",0.000832829583011225,0.00289446700601671,0.00139599813866915
"ENSG00000141668",0.000832227498617745,0.00398703931791593,0.00651465798045603
"ENSG00000181092",0.000827326601259953,0.000273910396097946,0.000930665425779432
"ENSG00000064787",0.000809757987473615,0.00169021337756724,0.00139599813866915
"ENSG00000120875",0.000801764046856511,0.000255554654676976,0.000465332712889716
"ENSG00000105048",0.00080074509732632,0.00197799253130061,0.00465332712889716
"ENSG00000153002",0.000800418858071726,0.00238011868565255,0.00325732899022801
"ENSG00000227097",0.000794881282569754,0.000983645917168276,0.00186133085155886
"ENSG00000179593",0.000791237245083992,0.000501688249201793,0.00139599813866915
"ENSG00000100095",0.000788622319477722,0.0024224738988872,0.00372266170311773
"ENSG00000211452",0.000785426817463819,0.0015891375549786,0.0027919962773383
"ENSG00000186847",0.000771768480793885,0.0012870157676524,0.00139599813866915
"ENSG00000189058",0.000762228540585616,0.000989895150707516,0.00232666356444858
"ENSG00000186081",0.00075246823052882,0.00040806121798313,0.000930665425779432
"ENSG00000137699",0.000741970384491295,0.000255317490741785,0.000465332712889716
"ENSG00000101098",0.000732281976536056,0.00107802457006569,0.00186133085155886
"ENSG00000148513",0.00072886714875061,0.0016521903829841,0.0027919962773383
"ENSG00000126562",0.000725113483181642,0.00196142070132915,0.00186133085155886
"ENSG00000184811",0.000722522362530582,0.00236278619574261,0.00139599813866915
"ENSG00000205002",0.000710273738602977,0.00142278790269464,0.00232666356444858
"ENSG00000106688",0.00069952809829484,0.00269979277336521,0.0027919962773383
"ENSG00000164434",0.000686018855818066,0.000687658517227743,0.000465332712889716
"ENSG00000196754",0.000685789437302354,0.000903310008405999,0.00232666356444858
"ENSG00000171428",0.00068319629810246,0.00141120989198658,0.00186133085155886
"ENSG00000150893",0.000672994065061363,0.00137845752843469,0.00139599813866915
"ENSG00000167754",0.000669844989670634,0.00218369922530316,0.000930665425779432
"ENSG00000114248",0.000659929877799839,0.00125785472647482,0.000465332712889716
"ENSG00000261175",0.000656381199345183,0.00111942052266817,0.00186133085155886
"ENSG00000211935",0.000648585981380493,0.00121123417771062,0.0027919962773383
"ENSG00000211890",0.000646587966060859,0.000887820058123651,0.00186133085155886
"ENSG00000123407",0.000639911720201323,0.0016036750534511,0.00139599813866915
"ENSG00000161031",0.000639856175305832,0.000502079274445041,0.000930665425779432
"ENSG00000186910",0.000626061064551136,0.00133547891629926,0.00372266170311773
"ENSG00000132746",0.000617746801115675,0.00113895003275213,0.0027919962773383
"ENSG00000230937",0.000613605295750121,0.000764225411429521,0.00139599813866915
"ENSG00000249242",0.000610744664027205,0.00214037438756519,0.00139599813866915
"ENSG00000204385",0.000610380907606358,0.000734053651794392,0.00186133085155886
"ENSG00000172551",0.000608910568793888,0.00149841716783252,0.00186133085155886
"ENSG00000124107",0.00060506488524016,0.00141968091053148,0.000930665425779432
"ENSG00000168243",0.000604168440742632,0.000942908672934575,0.00186133085155886
"ENSG00000115255",0.000601311567696854,0.000598919678143826,0.00139599813866915
"ENSG00000253755",0.00059773247179943,0.00119810893744772,0.00186133085155886
"ENSG00000166509",0.000597630430675633,0.000688505582929195,0.0027919962773383
"ENSG00000110169",0.000597559155020266,0.000619719606014766,0.00139599813866915
"ENSG00000133063",0.000589899667063355,0.00199023611945484,0.00372266170311773
"ENSG00000282651",0.00057688194122757,0.0014557054856343,0.0027919962773383
"ENSG00000224559",0.000570848603171545,0.00194536682389501,0.00232666356444858
"ENSG00000211895",0.00056720637541922,0.00123030671338287,0.00139599813866915
"ENSG00000153446",0.000563487129588123,0.00104419050758989,0.000930665425779432
"ENSG00000223573",0.000560543980980991,0.00285339450260227,0.0027919962773383
"ENSG00000144452",0.00055496965396922,0.00129218275997214,0.000930665425779432
"ENSG00000115221",0.000554420295463378,0.00112737527581757,0.00372266170311773
"ENSG00000158258",0.000547718574125458,0.00154164559746676,0.0027919962773383
"ENSG00000184956",0.000527206568114025,0.000917358054986844,0.0027919962773383
"ENSG00000152137",0.000520793638469579,0.000202010045774918,0.000465332712889716
"ENSG00000167757",0.000520458559363196,0.00126628645871745,0.00232666356444858
"ENSG00000211653",0.000516330104959929,0.000625853210084588,0.000930665425779432
"ENSG00000160183",0.00051417394677995,0.000830509055756414,0.00186133085155886
"ENSG00000160180",0.000513034267147969,0.000901886904284724,0.00186133085155886
"ENSG00000183844",0.000512674199799128,0.00121667412547406,0.00232666356444858
"ENSG00000196557",0.000512142938627657,0.00146246104248335,0.00232666356444858
"ENSG00000196208",0.000507283003890161,0.00131378636989785,0.00186133085155886
"ENSG00000242265",0.000507120649919318,0.000531528967510718,0.00139599813866915
"ENSG00000198944",0.00050491740386741,0.000837684590407364,0.00139599813866915
"ENSG00000164764",0.000503139271160377,0.000395508822621622,0.000465332712889716
"ENSG00000100362",0.000500846791328996,0.000883331116048502,0.000930665425779432
"ENSG00000203685",0.000494029107840841,0.00115904124055047,0.000465332712889716
"ENSG00000084628",0.000489417559017581,0.00115419685384786,0.00186133085155886
"ENSG00000179456",0.000487658498116769,0.0018343944684376,0.00465332712889716
"ENSG00000165272",0.000484409191335681,0.000441660104940884,0.000930665425779432
"ENSG00000162366",0.000479377714749893,0.00118909345413697,0.00325732899022801
"ENSG00000184613",0.000475779755861644,0.00135581572374187,0.000465332712889716
"ENSG00000132465",0.000459479069163355,0.000829348000912107,0.00139599813866915
"ENSG00000135218",0.000448928532040758,0.00140209607241001,0.00139599813866915
"ENSG00000140284",0.000448221691923326,0.00144381896899428,0.0027919962773383
"ENSG00000163873",0.000447967041547194,0.000198421766281392,0.000930665425779432
"ENSG00000276644",0.000439669100515232,0.0018396307540819,0.00186133085155886
"ENSG00000007062",0.000437088037805773,0.000875242054359588,0.0027919962773383
"ENSG00000102243",0.000436969743883609,0.00080303190262071,0.00186133085155886
"ENSG00000182795",0.000436251349314233,0.000866602080612886,0.00139599813866915
"ENSG00000068078",0.000421214274185797,0.00051846289772149,0.000465332712889716
"ENSG00000067715",0.000420986560995824,0.000174119994807432,0.000465332712889716
"ENSG00000168306",0.000420554173914634,0.00230484902274161,0.000930665425779432
"ENSG00000211896",0.000415759076357777,0.000337986234594217,0.00186133085155886
"ENSG00000240382",0.000414061337578429,0.00112866618032659,0.00186133085155886
"ENSG00000112936",0.000408937460179653,0.000628895126777722,0.00186133085155886
"ENSG00000189334",0.00040769587863414,0.000861076992442833,0.00186133085155886
"ENSG00000145824",0.000407373572069514,0.00102599841892501,0.0027919962773383
"ENSG00000178538",0.000401047648840311,0.000856764477197522,0.00139599813866915
"ENSG00000175356",0.000401013472720404,0.000646061192198587,0.00186133085155886
"ENSG00000151882",0.000394571308920437,0.000974940385911033,0.00232666356444858
"ENSG00000211965",0.00039151968071478,0.00148597449694407,0.000930665425779432
"ENSG00000135373",0.00038071431920322,0.00139381907517388,0.000930665425779432
"ENSG00000135480",0.000375141767122321,0.000796367029644237,0.00186133085155886
"ENSG00000159184",0.000364404897060841,0.00133926389845194,0.00232666356444858
"ENSG00000188257",0.000362745058275972,0.0012922565121715,0.00232666356444858
"ENSG00000100867",0.000362744257816952,0.000469227881694099,0.000930665425779432
"ENSG00000168004",0.000360323286911541,0.000745924923903005,0.00232666356444858
"ENSG00000211897",0.00035575980043206,0.000237425894085241,0.000465332712889716
"ENSG00000169083",0.000345943910677207,0.000783287221700228,0.00139599813866915
"ENSG00000130487",0.000338664049111283,0.000752417527649115,0.000930665425779432
"ENSG00000105707",0.000330225923343081,0.00044200126911798,0.000930665425779432
"ENSG00000134258",0.000329724105142527,0.000662358138564272,0.00186133085155886
"ENSG00000146197",0.000328960188816696,0.00097111798536309,0.00139599813866915
"ENSG00000167614",0.000323222776980195,0.000661500287206215,0.00186133085155886
"ENSG00000229807",0.000323159645125295,0.000762623952316334,0.00186133085155886
"ENSG00000101210",0.000322416505931424,0.000762095997438249,0.00232666356444858
"ENSG00000121005",0.000318480683731504,0.00108867682195763,0.00232666356444858
"ENSG00000165949",0.000310454933568987,0.00130223017152326,0.00186133085155886
"ENSG00000153132",0.000310266060042778,0.000401281739873341,0.00139599813866915
"ENSG00000137648",0.000308248694496395,0.000314829158714461,0.000465332712889716
"ENSG00000241351",0.00030470669813443,0.000283386921037285,0.000930665425779432
"ENSG00000077327",0.000303907178783481,0.00116902056387833,0.00232666356444858
"ENSG00000137077",0.000296685472305505,0.00125038538812773,0.00232666356444858
"ENSG00000137745",0.000296530044045316,0.000408834651995354,0.000465332712889716
"ENSG00000133169",0.00029203285645425,0.000449336539945808,0.000930665425779432
"ENSG00000167676",0.00028886916398576,0.000762713190067355,0.00186133085155886
"ENSG00000137975",0.00028497472203693,0.000402524741605824,0.000930665425779432
"ENSG00000154198",0.000281302076841837,0.000502511905810557,0.000930665425779432
"ENSG00000203697",0.000280683374223046,0.000164946462461616,0.000465332712889716
"ENSG00000186832",0.000279404084097166,0.00105092979557143,0.00186133085155886
"ENSG00000157765",0.000278291741880854,0.000919224877405564,0.00186133085155886
"ENSG00000130294",0.000277769720790681,0.00124848626899426,0.00232666356444858
"ENSG00000183044",0.000277421434110464,0.000986484111487202,0.00139599813866915
"ENSG00000169245",0.00027316553271015,0.000266617815983553,0.000930665425779432
"ENSG00000141424",0.000271778163215255,0.00100351677219452,0.00232666356444858
"ENSG00000170373",0.000268546518736461,0.000179783006820892,0.000930665425779432
"ENSG00000244731",0.0002677793483707,0.000591647855899269,0.00139599813866915
"ENSG00000235584",0.000263001286669948,0.000691408370677625,0.000465332712889716
"ENSG00000161634",0.000262977603523719,0.000801565535362884,0.000930665425779432
"ENSG00000243466",0.00026120519583881,0.000373887678472045,0.00139599813866915
"ENSG00000162989",0.000257271270378742,0.000885154795840801,0.00325732899022801
"ENSG00000198300",0.000251111459797521,0.00126329756648137,0.000930665425779432
"ENSG00000185499",0.00024945115117801,0.000544400955736112,0.000465332712889716
"ENSG00000180818",0.000248987737609144,0.000292689188329122,0.00139599813866915
"ENSG00000012223",0.000246119257907573,0.000800458167781345,0.00232666356444858
"ENSG00000143546",0.000238355466660069,0.00111700296895686,0.00232666356444858
"ENSG00000135069",0.000238049082269433,0.000803951816695547,0.00232666356444858
"ENSG00000244437",0.000235288316509932,0.000936315141954867,0.000465332712889716
"ENSG00000160867",0.000235121316396516,0.000576531426763834,0.000930665425779432
"ENSG00000178445",0.000233652456693105,0.000692600517135387,0.00232666356444858
"ENSG00000162078",0.000231300064244188,0.000347308386057449,0.000930665425779432
"ENSG00000058085",0.000230064729759288,0.000859288381098269,0.000465332712889716
"ENSG00000130513",0.000227181963604335,0.000620594810831495,0.00139599813866915
"ENSG00000151892",0.000222851950139516,0.000678507098490721,0.00139599813866915
"ENSG00000073282",0.000222509231869875,0.00254002068446877,0.000465332712889716
"ENSG00000233622",0.00021845927465444,0.000132312439857067,0.000465332712889716
"ENSG00000211955",0.000215755776517453,0.000516102887597095,0.00139599813866915
"ENSG00000187045",0.000215244422413788,0.000322730043835896,0.000930665425779432
"ENSG00000179862",0.00021409534608896,0.000108121289150261,0.000465332712889716
"ENSG00000198732",0.000213807407058356,0.000618394777904237,0.00139599813866915
"ENSG00000189377",0.000210186756897012,0.00053699398138113,0.00186133085155886
"ENSG00000126010",0.000206235517160311,0.000704093628457095,0.000930665425779432
"ENSG00000171236",0.000200913891580972,0.000304502344427701,0.000465332712889716
"ENSG00000070193",0.000197597346242184,0.000309634659957627,0.000465332712889716
"ENSG00000128422",0.000194378978942356,0.00118140117204999,0.000930665425779432
"ENSG00000162896",0.00018927359910746,0.00022043610485655,0.000930665425779432
"ENSG00000124935",0.000189106564191477,0.000686499812330965,0.00232666356444858
"ENSG00000125740",0.000187129552220483,0.000634408103679742,0.000930665425779432
"ENSG00000111052",0.000187127063837007,0.000668887919685384,0.000930665425779432
"ENSG00000105852",0.000184912402543419,0.0010267599224344,0.00186133085155886
"ENSG00000276775",0.000184840013205937,0.00023504532191997,0.000465332712889716
"ENSG00000196611",0.000182357493962383,0.000286456675570373,0.000930665425779432
"ENSG00000183778",0.00017959608435541,0.000734667831670256,0.00232666356444858
"ENSG00000162670",0.000179350221627217,0.000626845791767616,0.00139599813866915
"ENSG00000145451",0.000177995427334189,0.000203886734960505,0.000930665425779432
"ENSG00000144891",0.000175782018932981,0.000944391550080167,0.000930665425779432
"ENSG00000268104",0.000173946966629096,0.000333842493785508,0.000930665425779432
"ENSG00000186526",0.000173376221946387,0.000486900752465293,0.00139599813866915
"ENSG00000006071",0.000168261323609665,0.000310602567191605,0.000930665425779432
"ENSG00000136457",0.000167131145078228,0.000229413356328666,0.000930665425779432
"ENSG00000211659",0.000165997886519691,0.000194631722703265,0.000465332712889716
"ENSG00000211638",0.000164646172253764,0.000161327588458919,0.000930665425779432
"ENSG00000103460",0.000164531985034399,0.000563978007066223,0.000930665425779432
"ENSG00000240864",0.000162669543110996,0.000331013940276955,0.000465332712889716
"ENSG00000152669",0.000159881265922996,0.000204034510507013,0.000465332712889716
"ENSG00000094755",0.000158784341243465,0.000234666889985273,0.000930665425779432
"ENSG00000105825",0.000156287100514452,0.000150600138246071,0.000465332712889716
"ENSG00000161055",0.00015344230395911,0.000618466300666196,0.000930665425779432
"ENSG00000124143",0.000152401028582768,0.000512806513765162,0.000930665425779432
"ENSG00000165731",0.0001514173688546,0.000682296539518199,0.000930665425779432
"ENSG00000211966",0.000151078461465946,0.000375770649248141,0.000930665425779432
"ENSG00000129451",0.000148861346591448,0.000539559340766483,0.000930665425779432
"ENSG00000272398",0.000148173386866124,0.00128165427198338,0.00139599813866915
"ENSG00000173432",0.000147307029186986,0.000719946675760139,0.000930665425779432
"ENSG00000107485",0.000146067205171061,0.000500634297735231,0.00139599813866915
"ENSG00000131203",0.000145762500004239,0.000526096913160771,0.000930665425779432
"ENSG00000224650",0.000145140804364764,0.000426299552410269,0.000930665425779432
"ENSG00000180730",0.000144825397408867,0.00069690507871214,0.00186133085155886
"ENSG00000230873",0.000137976826643301,0.000545380040284617,0.000465332712889716
"ENSG00000169035",0.000137577066967827,0.000677344778290052,0.00139599813866915
"ENSG00000134202",0.000137256709346903,0.000880544741085334,0.00186133085155886
"ENSG00000086570",0.000136756648675937,0.000297714701756627,0.000930665425779432
"ENSG00000213759",0.000128099005722079,0.000217130692764892,0.000930665425779432
"ENSG00000249661",0.000128011599077326,0.000247308658671698,0.000930665425779432
"ENSG00000263639",0.000125588278998703,0.000371024749449004,0.00139599813866915
"ENSG00000185008",0.000123400546190632,0.000593025407191529,0.000930665425779432
"ENSG00000163879",0.000122860871498806,0.000333976772197493,0.000930665425779432
"ENSG00000151632",0.000120370982811881,0.000219054998515465,0.000930665425779432
"ENSG00000256612",0.000116366904079203,0.000237059392653381,0.000930665425779432
"ENSG00000211651",0.000114271894007857,0.000243233955103525,0.000930665425779432
"ENSG00000121270",0.000112984503584718,0.000432273450430745,0.000930665425779432
"ENSG00000134827",0.000112307741585036,0.000971813449321417,0.00186133085155886
"ENSG00000119866",0.000112259000591217,0.000506725753387201,0.000465332712889716
"ENSG00000114805",0.00010134645587672,0.000165404792612284,0.000465332712889716
"ENSG00000170743",0.00010066405586133,0.000186106700556503,0.000465332712889716
"ENSG00000107954",9.91315596658105e-05,0.000354845571607539,0.000930665425779432
"ENSG00000244468",9.81561655470905e-05,0.000244253109270145,0.000930665425779432
"ENSG00000211937",9.76906899261835e-05,0.000225236686127026,0.000930665425779432
"ENSG00000211892",9.40201067831314e-05,0.000479186296514457,0.000465332712889716
"ENSG00000148053",9.38588229911959e-05,0.00039259690623087,0.000465332712889716
"ENSG00000108018",9.27303149829318e-05,0.000284311052966661,0.000930665425779432
"ENSG00000169347",9.15259112786514e-05,0.000134523800736514,0.000465332712889716
"ENSG00000248360",9.10999191689816e-05,0.000256293472154452,0.000930665425779432
"ENSG00000155093",8.78765315989939e-05,0.000371209973518307,0.000465332712889716
"ENSG00000179023",8.72219649358399e-05,0.000579754108651473,0.00186133085155886
"ENSG00000163362",8.69677234898592e-05,0.000212306401126404,0.000930665425779432
"ENSG00000170419",8.36883733935874e-05,0.000481712369597538,0.000930665425779432
"ENSG00000141750",8.23748114407435e-05,0.000429135667929459,0.000930665425779432
"ENSG00000211934",7.92011045338595e-05,0.000506291916920388,0.00139599813866915
"ENSG00000126778",7.84953171940521e-05,0.000258335335536518,0.000930665425779432
"ENSG00000131746",7.10581132268029e-05,0.000161555307412697,0.000465332712889716
"ENSG00000100985",7.00940299420644e-05,0.00024353117827459,0.000465332712889716
"ENSG00000197249",6.85271488112414e-05,0.000345923905432733,0.000930665425779432
"ENSG00000278196",6.5186524447035e-05,0.000166733461983196,0.000465332712889716
"ENSG00000154654",6.49601381048942e-05,0.000171050586740967,0.000465332712889716
"ENSG00000211662",6.05018771840082e-05,0.000180120465311501,0.000465332712889716
"ENSG00000134184",6.01051235801806e-05,0.000443285425059745,0.000930665425779432
"ENSG00000074211",5.65806198580002e-05,0.000437520521731649,0.000465332712889716
"ENSG00000211941",5.59324568670081e-05,0.000407650820736539,0.000465332712889716
"ENSG00000138449",5.56226748758571e-05,8.00747934388137e-05,0.000465332712889716
"ENSG00000164199",5.48948531613895e-05,0.000325383707018766,0.000465332712889716
"ENSG00000166426",5.28170094557706e-05,0.000204048580064652,0.000930665425779432
"ENSG00000108176",5.12542176264639e-05,0.000158965966511539,0.000930665425779432
"ENSG00000197253",4.85265143047556e-05,0.000498398744447252,0.00139599813866915
"ENSG00000255974",4.81998139161607e-05,0.000298341474941042,0.000465332712889716
"ENSG00000156738",4.64966459365015e-05,8.51103845259123e-05,0.000465332712889716
"ENSG00000259459",4.49147910016151e-05,0.000188753841128604,0.000930665425779432
"ENSG00000166106",4.29857717692688e-05,0.000148338931364239,0.000465332712889716
"ENSG00000095739",4.28002653913298e-05,0.000189841414921344,0.000465332712889716
"ENSG00000135374",4.25998548144598e-05,0.000126494210796591,0.000465332712889716
"ENSG00000106819",4.05753416910638e-05,0.000244943888397181,0.000930665425779432
"ENSG00000211598",3.98561423123468e-05,0.000201103945173694,0.000465332712889716
"ENSG00000286379",3.95554916444755e-05,0.000234828343431499,0.000930665425779432
"ENSG00000170099",3.90410749149945e-05,0.000124309249167425,0.000465332712889716
"ENSG00000188488",3.86878897735997e-05,0.000245027868893795,0.000465332712889716
"ENSG00000122584",3.81331803732198e-05,0.000189426724501383,0.000465332712889716
"ENSG00000102854",3.73716654244494e-05,7.20075591471354e-05,0.000465332712889716
"ENSG00000139219",3.66646991477155e-05,0.000226771909860192,0.000465332712889716
"ENSG00000101938",3.47523459942089e-05,0.000205427050246651,0.000465332712889716
"ENSG00000256870",3.20231461621584e-05,0.000189040067750336,0.000465332712889716
"ENSG00000105141",3.12936321729143e-05,0.000155731489694959,0.000465332712889716
"ENSG00000109906",2.94161946938447e-05,7.54976605443959e-05,0.000465332712889716
"ENSG00000150051",2.90636098967151e-05,0.000159769995032933,0.000465332712889716
"ENSG00000211899",2.87005604029922e-05,0.000146216326195293,0.000930665425779432
"ENSG00000211893",2.82747792838793e-05,7.78071242012779e-05,0.000465332712889716
"ENSG00000175426",2.82018004779341e-05,0.000122833022674615,0.000465332712889716
"ENSG00000104332",2.60336680400574e-05,0.000104784220553915,0.000465332712889716
"ENSG00000054598",2.14769115067959e-05,7.19931280591074e-05,0.000465332712889716
"ENSG00000211668",2.14520864013667e-05,7.51693457598758e-05,0.000465332712889716
"ENSG00000106809",2.14008461482699e-05,0.000100378257234928,0.000465332712889716
"ENSG00000166819",2.08648866303748e-05,7.10483587700257e-05,0.000465332712889716
"ENSG00000148488",1.95059247300572e-05,0.000323281437934202,0.000930665425779432
"ENSG00000196542",1.78592978693435e-05,8.73762235158537e-05,0.000465332712889716
"ENSG00000211947",1.55914626050798e-05,0.000180849250320681,0.000465332712889716
"ENSG00000170500",1.51464465427171e-05,7.42081042424449e-05,0.000465332712889716
"ENSG00000078898",9.59030060899179e-06,6.3958069972051e-05,0.000465332712889716
"ENSG00000113296",9.0446605398207e-06,0.000219076795785169,0.000930665425779432
"ENSG00000211945",7.6553638528288e-06,7.44270862118217e-05,0.000465332712889716
"ENSG00000108576",5.7252309383674e-06,0.000181317341791853,0.000930665425779432
"ENSG00000123500",3.9692761665804e-06,7.67366025918855e-05,0.000465332712889716
"ENSG00000109321",2.9692592323467e-06,7.08747262688204e-05,0.000465332712889716
"ENSG00000065618",1.89439937972121e-06,9.39801108348303e-05,0.000465332712889716
"ENSG00000167588",1.69196155337598e-06,0.00012755179263081,0.000465332712889716
"ENSG00000166006",1.26923218427772e-06,7.11326104144314e-05,0.000465332712889716
"ENSG00000171385",3.86308483677666e-07,0.000143327366984243,0.000465332712889716
"ENSG00000168702",3.71491291161831e-07,8.27348285947893e-05,0.000465332712889716
"ENSG00000270550",3.19635467677172e-07,9.25195732545267e-05,0.000465332712889716
